{"Tierra Verde":[22.42428,114.22834],"test":[22.42428,114.22834],"Po Leung Kuk Ngan Po Ling College":[22.42428,114.22834]}